Workbook

Sheet Progress
A1: Section | B1: Priority | C1: Total | D1: Done | E1: Learning | F1: Not started | G1: % Done
A2: 1. Fundamentals | B2: High | C2: =COUNTIF(Checklist!$B$2:$B$336,A2) -> 13 | D2: =COUNTIFS(Checklist!$B$2:$B$336,A2,Checklist!$E$2:$E$336,"Done") -> 6 | E2: =COUNTIFS(Checklist!$B$2:$B$336,A2,Checklist!$E$2:$E$336,"Learning") -> 0 | F2: =COUNTIFS(Checklist!$B$2:$B$336,A2,Checklist!$E$2:$E$336,"Not started") -> 7 | G2: =IFERROR(D2/C2,0) -> 0.46153846
A3: 2. Everything Is a File | B3: High | C3: =COUNTIF(Checklist!$B$2:$B$336,A3) -> 6 | D3: =COUNTIFS(Checklist!$B$2:$B$336,A3,Checklist!$E$2:$E$336,"Done") -> 0 | E3: =COUNTIFS(Checklist!$B$2:$B$336,A3,Checklist!$E$2:$E$336,"Learning") -> 0 | F3: =COUNTIFS(Checklist!$B$2:$B$336,A3,Checklist!$E$2:$E$336,"Not started") -> 6 | G3: =IFERROR(D3/C3,0) -> 0
A4: 3. Directory Structure (FHS) | B4: High | C4: =COUNTIF(Checklist!$B$2:$B$336,A4) -> 8 | D4: =COUNTIFS(Checklist!$B$2:$B$336,A4,Checklist!$E$2:$E$336,"Done") -> 0 | E4: =COUNTIFS(Checklist!$B$2:$B$336,A4,Checklist!$E$2:$E$336,"Learning") -> 0 | F4: =COUNTIFS(Checklist!$B$2:$B$336,A4,Checklist!$E$2:$E$336,"Not started") -> 8 | G4: =IFERROR(D4/C4,0) -> 0
A5: 4. Users, Groups, and Permissions | B5: High | C5: =COUNTIF(Checklist!$B$2:$B$336,A5) -> 17 | D5: =COUNTIFS(Checklist!$B$2:$B$336,A5,Checklist!$E$2:$E$336,"Done") -> 0 | E5: =COUNTIFS(Checklist!$B$2:$B$336,A5,Checklist!$E$2:$E$336,"Learning") -> 0 | F5: =COUNTIFS(Checklist!$B$2:$B$336,A5,Checklist!$E$2:$E$336,"Not started") -> 17 | G5: =IFERROR(D5/C5,0) -> 0
A6: 5. Processes | B6: High | C6: =COUNTIF(Checklist!$B$2:$B$336,A6) -> 18 | D6: =COUNTIFS(Checklist!$B$2:$B$336,A6,Checklist!$E$2:$E$336,"Done") -> 0 | E6: =COUNTIFS(Checklist!$B$2:$B$336,A6,Checklist!$E$2:$E$336,"Learning") -> 0 | F6: =COUNTIFS(Checklist!$B$2:$B$336,A6,Checklist!$E$2:$E$336,"Not started") -> 18 | G6: =IFERROR(D6/C6,0) -> 0
A7: 6. Shell and Environment | B7: High | C7: =COUNTIF(Checklist!$B$2:$B$336,A7) -> 11 | D7: =COUNTIFS(Checklist!$B$2:$B$336,A7,Checklist!$E$2:$E$336,"Done") -> 0 | E7: =COUNTIFS(Checklist!$B$2:$B$336,A7,Checklist!$E$2:$E$336,"Learning") -> 0 | F7: =COUNTIFS(Checklist!$B$2:$B$336,A7,Checklist!$E$2:$E$336,"Not started") -> 11 | G7: =IFERROR(D7/C7,0) -> 0
A8: 7. Memory Management | B8: Medium | C8: =COUNTIF(Checklist!$B$2:$B$336,A8) -> 17 | D8: =COUNTIFS(Checklist!$B$2:$B$336,A8,Checklist!$E$2:$E$336,"Done") -> 0 | E8: =COUNTIFS(Checklist!$B$2:$B$336,A8,Checklist!$E$2:$E$336,"Learning") -> 0 | F8: =COUNTIFS(Checklist!$B$2:$B$336,A8,Checklist!$E$2:$E$336,"Not started") -> 17 | G8: =IFERROR(D8/C8,0) -> 0
A9: 8. Filesystems and Storage | B9: Medium | C9: =COUNTIF(Checklist!$B$2:$B$336,A9) -> 20 | D9: =COUNTIFS(Checklist!$B$2:$B$336,A9,Checklist!$E$2:$E$336,"Done") -> 0 | E9: =COUNTIFS(Checklist!$B$2:$B$336,A9,Checklist!$E$2:$E$336,"Learning") -> 0 | F9: =COUNTIFS(Checklist!$B$2:$B$336,A9,Checklist!$E$2:$E$336,"Not started") -> 20 | G9: =IFERROR(D9/C9,0) -> 0
A10: 9. Boot Process and Init System | B10: Medium | C10: =COUNTIF(Checklist!$B$2:$B$336,A10) -> 11 | D10: =COUNTIFS(Checklist!$B$2:$B$336,A10,Checklist!$E$2:$E$336,"Done") -> 0 | E10: =COUNTIFS(Checklist!$B$2:$B$336,A10,Checklist!$E$2:$E$336,"Learning") -> 0 | F10: =COUNTIFS(Checklist!$B$2:$B$336,A10,Checklist!$E$2:$E$336,"Not started") -> 11 | G10: =IFERROR(D10/C10,0) -> 0
A11: 10. Logging | B11: Medium | C11: =COUNTIF(Checklist!$B$2:$B$336,A11) -> 9 | D11: =COUNTIFS(Checklist!$B$2:$B$336,A11,Checklist!$E$2:$E$336,"Done") -> 0 | E11: =COUNTIFS(Checklist!$B$2:$B$336,A11,Checklist!$E$2:$E$336,"Learning") -> 0 | F11: =COUNTIFS(Checklist!$B$2:$B$336,A11,Checklist!$E$2:$E$336,"Not started") -> 9 | G11: =IFERROR(D11/C11,0) -> 0
A12: 11. Networking | B12: Medium | C12: =COUNTIF(Checklist!$B$2:$B$336,A12) -> 25 | D12: =COUNTIFS(Checklist!$B$2:$B$336,A12,Checklist!$E$2:$E$336,"Done") -> 0 | E12: =COUNTIFS(Checklist!$B$2:$B$336,A12,Checklist!$E$2:$E$336,"Learning") -> 0 | F12: =COUNTIFS(Checklist!$B$2:$B$336,A12,Checklist!$E$2:$E$336,"Not started") -> 25 | G12: =IFERROR(D12/C12,0) -> 0
A13: 12. Libraries, Binaries, and Packages | B13: Medium | C13: =COUNTIF(Checklist!$B$2:$B$336,A13) -> 11 | D13: =COUNTIFS(Checklist!$B$2:$B$336,A13,Checklist!$E$2:$E$336,"Done") -> 0 | E13: =COUNTIFS(Checklist!$B$2:$B$336,A13,Checklist!$E$2:$E$336,"Learning") -> 0 | F13: =COUNTIFS(Checklist!$B$2:$B$336,A13,Checklist!$E$2:$E$336,"Not started") -> 11 | G13: =IFERROR(D13/C13,0) -> 0
... A27: 26. Hardware and OS Theory | B27: Medium | C27: =COUNTIF(Checklist!$B$2:$B$336,A27) -> 11 | D27: =COUNTIFS(Checklist!$B$2:$B$336,A27,Checklist!$E$2:$E$336,"Done") -> 0 | E27: =COUNTIFS(Checklist!$B$2:$B$336,A27,Checklist!$E$2:$E$336,"Learning") -> 0 | F27: =COUNTIFS(Checklist!$B$2:$B$336,A27,Checklist!$E$2:$E$336,"Not started") -> 11 | G27: =IFERROR(D27/C27,0) -> 0
A28: TOTAL | C28: =SUM(C2:C27) -> 335 | D28: =SUM(D2:D27) -> 6 | E28: =SUM(E2:E27) -> 0 | F28: =SUM(F2:F27) -> 329 | G28: =IFERROR(D28/C28,0) -> 0.017910448
A30: Update the Status column on the Checklist sheet; this sheet recalculates automatically.

Sheet Checklist
A1: # | B1: Section | C1: Topic | D1: Priority | E1: Status | F1: Notes
A2: 1 | B2: 1. Fundamentals | C2: Kernel vs userspace | D2: High | E2: Done
A3: 2 | B3: 1. Fundamentals | C3: Kernel mode vs user mode | D3: High | E3: Done
A4: 3 | B4: 1. Fundamentals | C4: System calls | D4: High | E4: Done
A5: 4 | B5: 1. Fundamentals | C5: Distributions (distro) and what they include | D5: High | E5: Done
A6: 5 | B6: 1. Fundamentals | C6: Monolithic kernel and loadable modules | D6: High | E6: Done
A7: 6 | B7: 1. Fundamentals | C7: Kernel versions | D7: High | E7: Done
A8: 7 | B8: 1. Fundamentals | C8: Open source and licensing (GPL, MIT) | D8: High | E8: Not started
A9: 8 | B9: 1. Fundamentals | C9: History of Unix and Linux | D9: High | E9: Not started
A10: 9 | B10: 1. Fundamentals | C10: Unix philosophy (small tools, composition) | D10: High | E10: Not started
A11: 10 | B11: 1. Fundamentals | C11: POSIX standards | D11: High | E11: Not started
A12: 11 | B12: 1. Fundamentals | C12: Monolithic vs microkernel vs hybrid design | D12: High | E12: Not started
A13: 12 | B13: 1. Fundamentals | C13: Linux vs BSD vs Windows vs macOS design differences | D13: High | E13: Not started
... A336: 335 | B336: 26. Hardware and OS Theory | C336: I/O subsystem design | D336: Medium | E336: Not started

Sheet Book
A1: Operating System Concepts (10th ed.), Silberschatz, Galvin, Gagne
A2: The one book to read alongside this checklist: the most complete OS theory text, with design trade-offs and a Linux case study.
A3: It does not cover Linux-specific practice (FHS layout, systemd, package managers, containers in depth, SSH); those are learned in our sessions.
A5: Book chapters (10th ed.) | B5: Covers | C5: Checklist sections it supports
A6: 1-2 | B6: Introduction, OS structures, kernel designs, system calls | C6: Fundamentals; Hardware and OS Theory
A7: 3-5 | B7: Processes, threads, concurrency, CPU scheduling | C7: Processes; Concurrency Theory; Kernel Internals
A8: 6-8 | B8: Synchronization and deadlocks | C8: Concurrency Theory
A9: 9-10 | B9: Main memory and virtual memory | C9: Memory Management
A10: 11-12 | B10: Mass storage and I/O systems | C10: Filesystems and Storage; Hardware and OS Theory
A11: 13-15 | B11: File-system interface, implementation, internals | C11: Everything Is a File; Filesystems and Storage
A12: 16-17 | B12: Security and protection | C12: Users, Groups, and Permissions; Security
A13: 18 | B13: Virtual machines | C13: Virtualization and Cloud; Containers and Isolation
A14: 19 | B14: Networks and distributed systems | C14: Networking; Distributed Systems Basics
A15: 20 | B15: The Linux System (case study) | C15: Kernel Internals; Processes; Memory Management
A17: Chapter numbers follow the 10th edition and may differ in other editions.
